observationID,deploymentID,sequenceID,mediaID,timestamp,observationType,cameraSetup,taxonID,scientificName,count,countNew,lifeStage,sex,behaviour,individualID,classificationMethod,classifiedBy,classificationTimestamp,classificationConfidence,comments,_id,speed,distance,angle
4bf7d617-ddc7-40bf-bf35-ae02d2ea9240,159bd540-f5cf-4c15-829b-cb07a224e2fd,e03ffd1e-93c5-4b10-b51c-3d1f95404915,,2022-11-04T14:15:46+01:00,unclassified,False,,,1,,,,,,human,Lynn Pallemaerts,2022-11-09T14:18:06Z,,,,,,
ad07cf43-5980-4c9d-8c1e-2190b2a66d5f,627fb1cc-d548-413f-a732-066ebdfcce05,c8a7cc46-d4a8-44c5-901e-288564b45512,,2022-06-21T14:03:06+01:00,unclassified,False,,,1,,,,,,human,Frédéric Della Libera,2022-09-09T10:43:03Z,,,,,,
c10c998a-2dbb-4c17-b6e5-d0038c7f0ffd,627fb1cc-d548-413f-a732-066ebdfcce05,bca37fd2-5212-4758-a6e6-021f29d8c7e7,,2022-06-21T14:34:54+01:00,unclassified,False,,,1,,,,,,human,Frédéric Della Libera,2022-09-09T10:42:56Z,,,,,,
230ba0dd-36ba-45d2-b65e-7464a4068465,627fb1cc-d548-413f-a732-066ebdfcce05,dfc78456-3b94-4dbd-8051-309d720c1d5a,,2022-06-21T14:44:25+01:00,unclassified,False,,,1,,,,,,human,Frédéric Della Libera,2022-09-09T10:46:18Z,,,,,,
83db7784-4ac6-419e-8e43-92f699cebc9f,627fb1cc-d548-413f-a732-066ebdfcce05,62627116-0b17-41a0-bc2d-cf13f7531d99,,2022-06-21T15:22:48+01:00,unclassified,False,,,1,,,,,,human,Frédéric Della Libera,2022-09-09T10:53:14Z,,,,,,
94296876-52da-4e6a-b586-bd7aa5f23ea9,aa077ed7-f648-4e22-b8c8-bb75883a8229,18b467d7-df3e-49f0-a31c-eba813faecc0,,2022-07-01T08:47:01+01:00,unclassified,True,,,1,,,,,,human,Marcus Rowcliffe,2022-10-18T12:35:04Z,,,,,,
78ade87c-7a82-4b3a-8be3-ecec1f410988:seq,aa077ed7-f648-4e22-b8c8-bb75883a8229,78ade87c-7a82-4b3a-8be3-ecec1f410988,,2022-07-01T12:00:00+01:00,unclassified,False,,,,,,,,,,,,,,,,,
81514bdc-15ca-4e08-93fb-8f8fcc6b962a:seq,aa077ed7-f648-4e22-b8c8-bb75883a8229,81514bdc-15ca-4e08-93fb-8f8fcc6b962a,,2022-07-02T00:00:00+01:00,unclassified,False,,,,,,,,,,,,,,,,,
3183a9e6-ee8c-4fbd-82bd-4d512203ea5a:seq,aa077ed7-f648-4e22-b8c8-bb75883a8229,3183a9e6-ee8c-4fbd-82bd-4d512203ea5a,,2022-07-02T12:00:00+01:00,unclassified,False,,,,,,,,,,,,,,,,,
72801e68-0c5f-4ff7-a266-0d5b32f524b6,aa077ed7-f648-4e22-b8c8-bb75883a8229,3553abb1-f4f0-40a5-9e59-2c567ae1f9fe,,2022-07-02T21:33:49+01:00,unclassified,False,,,1,,,,,,human,Jim Casaer,2022-11-10T14:39:18Z,,,,,,
0fd63542-7f53-4f54-a63a-1eac7905a42a:seq,aa077ed7-f648-4e22-b8c8-bb75883a8229,0fd63542-7f53-4f54-a63a-1eac7905a42a,,2022-07-03T00:00:00+01:00,unclassified,False,,,,,,,,,,,,,,,,,
c3754ef6-8a28-4059-994d-79d570e17b20:seq,aa077ed7-f648-4e22-b8c8-bb75883a8229,c3754ef6-8a28-4059-994d-79d570e17b20,,2022-07-03T03:49:38+01:00,unclassified,False,,,,,,,,,,,,,,,,,
e40454b5-4f38-4abf-908f-2cc6620f6f01:seq,aa077ed7-f648-4e22-b8c8-bb75883a8229,e40454b5-4f38-4abf-908f-2cc6620f6f01,,2022-07-03T03:51:55+01:00,unclassified,False,,,,,,,,,,,,,,,,,
8532f6d8-13de-469e-b5e4-978467996498:seq,aa077ed7-f648-4e22-b8c8-bb75883a8229,8532f6d8-13de-469e-b5e4-978467996498,,2022-07-03T12:00:00+01:00,unclassified,False,,,,,,,,,,,,,,,,,
b235283f-f2c8-4ec3-bb0e-8c315837d0c3:seq,aa077ed7-f648-4e22-b8c8-bb75883a8229,b235283f-f2c8-4ec3-bb0e-8c315837d0c3,,2022-07-04T00:00:00+01:00,unclassified,False,,,,,,,,,,,,,,,,,
9e89308f-b6fd-42dd-9bcb-32a3ae88817c:seq,aa077ed7-f648-4e22-b8c8-bb75883a8229,9e89308f-b6fd-42dd-9bcb-32a3ae88817c,,2022-07-04T12:00:00+01:00,unclassified,False,,,,,,,,,,,,,,,,,
c4e50fb8-98a9-41c3-b6da-80c32ec2613d:seq,aa077ed7-f648-4e22-b8c8-bb75883a8229,c4e50fb8-98a9-41c3-b6da-80c32ec2613d,,2022-07-04T22:19:27+01:00,unclassified,False,,,,,,,,,,,,,,,,,
933d298a-9ce1-45a2-9c13-f5bd0d5e1351:seq,aa077ed7-f648-4e22-b8c8-bb75883a8229,933d298a-9ce1-45a2-9c13-f5bd0d5e1351,,2022-07-05T00:00:00+01:00,unclassified,False,,,,,,,,,,,,,,,,,
e2a2e3c7-ff20-48a5-bc23-7b206945d73a:seq,aa077ed7-f648-4e22-b8c8-bb75883a8229,e2a2e3c7-ff20-48a5-bc23-7b206945d73a,,2022-07-05T07:03:27+01:00,unclassified,False,,,,,,,,,,,,,,,,,
7361f72d-3446-431d-ac2e-c5487a8329ea:seq,aa077ed7-f648-4e22-b8c8-bb75883a8229,7361f72d-3446-431d-ac2e-c5487a8329ea,,2022-07-05T12:00:00+01:00,unclassified,False,,,,,,,,,,,,,,,,,
c21cf5e4-542f-43f9-a72c-7bab45843573:seq,aa077ed7-f648-4e22-b8c8-bb75883a8229,c21cf5e4-542f-43f9-a72c-7bab45843573,,2022-07-05T21:57:39+01:00,unclassified,False,,,,,,,,,,,,,,,,,
f949febb-fca9-40a5-846a-d370485bb45a:seq,aa077ed7-f648-4e22-b8c8-bb75883a8229,f949febb-fca9-40a5-846a-d370485bb45a,,2022-07-06T00:00:00+01:00,unclassified,False,,,,,,,,,,,,,,,,,
3b795910-834f-4e93-a614-41e7dfeec833:seq,aa077ed7-f648-4e22-b8c8-bb75883a8229,3b795910-834f-4e93-a614-41e7dfeec833,,2022-07-06T12:00:00+01:00,unclassified,False,,,,,,,,,,,,,,,,,
9f564680-b783-4bb5-b6cd-64feb4dcd9d8:seq,aa077ed7-f648-4e22-b8c8-bb75883a8229,9f564680-b783-4bb5-b6cd-64feb4dcd9d8,,2022-07-06T19:11:02+01:00,unclassified,False,,,,,,,,,,,,,,,,,
ee9d085e-d146-428f-a347-07cc3981e013:seq,aa077ed7-f648-4e22-b8c8-bb75883a8229,ee9d085e-d146-428f-a347-07cc3981e013,,2022-07-07T00:00:00+01:00,unclassified,False,,,,,,,,,,,,,,,,,
27b86e64-eeb6-4706-abf8-222e943b2746:seq,aa077ed7-f648-4e22-b8c8-bb75883a8229,27b86e64-eeb6-4706-abf8-222e943b2746,,2022-07-07T12:00:00+01:00,unclassified,False,,,,,,,,,,,,,,,,,
91a897c7-ce55-489b-b984-748ae8e3ed11:seq,aa077ed7-f648-4e22-b8c8-bb75883a8229,91a897c7-ce55-489b-b984-748ae8e3ed11,,2022-07-07T20:57:38+01:00,unclassified,False,,,,,,,,,,,,,,,,,
ab92ff9c-f375-4c35-8a53-b962d3404f10:seq,aa077ed7-f648-4e22-b8c8-bb75883a8229,ab92ff9c-f375-4c35-8a53-b962d3404f10,,2022-07-07T23:30:47+01:00,unclassified,False,,,,,,,,,,,,,,,,,
4b40ad74-3890-4b97-8f0a-a88092ea19c7:seq,aa077ed7-f648-4e22-b8c8-bb75883a8229,4b40ad74-3890-4b97-8f0a-a88092ea19c7,,2022-07-08T00:00:00+01:00,unclassified,False,,,,,,,,,,,,,,,,,
5ee24f00-dd8a-475d-85c4-25fc383680f4:seq,aa077ed7-f648-4e22-b8c8-bb75883a8229,5ee24f00-dd8a-475d-85c4-25fc383680f4,,2022-07-08T10:49:06+01:00,unclassified,False,,,,,,,,,,,,,,,,,
90b49eff-24de-4d26-af3c-2099d6b3a37a:seq,aa077ed7-f648-4e22-b8c8-bb75883a8229,90b49eff-24de-4d26-af3c-2099d6b3a37a,,2022-07-08T12:00:00+01:00,unclassified,False,,,,,,,,,,,,,,,,,
f14d21e3-0c2f-4517-bb21-d3a47b16a4b8:seq,aa077ed7-f648-4e22-b8c8-bb75883a8229,f14d21e3-0c2f-4517-bb21-d3a47b16a4b8,,2022-07-09T00:00:00+01:00,unclassified,False,,,,,,,,,,,,,,,,,
c8ef9941-660c-4751-9516-5bd42703874a:seq,aa077ed7-f648-4e22-b8c8-bb75883a8229,c8ef9941-660c-4751-9516-5bd42703874a,,2022-07-09T09:26:26+01:00,unclassified,False,,,,,,,,,,,,,,,,,
51cc34e7-efce-482d-bafd-7ba2d5c42d41:seq,aa077ed7-f648-4e22-b8c8-bb75883a8229,51cc34e7-efce-482d-bafd-7ba2d5c42d41,,2022-07-09T10:15:28+01:00,unclassified,False,,,,,,,,,,,,,,,,,
af2465ea-284a-4e8b-bc1d-053d35db9348:seq,aa077ed7-f648-4e22-b8c8-bb75883a8229,af2465ea-284a-4e8b-bc1d-053d35db9348,,2022-07-09T12:00:00+01:00,unclassified,False,,,,,,,,,,,,,,,,,
c38939b1-4845-404d-b6b6-3dec03b69790:seq,aa077ed7-f648-4e22-b8c8-bb75883a8229,c38939b1-4845-404d-b6b6-3dec03b69790,,2022-07-09T12:47:42+01:00,unclassified,False,,,,,,,,,,,,,,,,,
a2557b0a-46e8-4104-ba81-e52b03522e46:seq,aa077ed7-f648-4e22-b8c8-bb75883a8229,a2557b0a-46e8-4104-ba81-e52b03522e46,,2022-07-09T12:55:56+01:00,unclassified,False,,,,,,,,,,,,,,,,,
5764e6fb-6704-4596-a20a-1f376d8ff4a1:seq,aa077ed7-f648-4e22-b8c8-bb75883a8229,5764e6fb-6704-4596-a20a-1f376d8ff4a1,,2022-07-09T15:19:48+01:00,unclassified,False,,,,,,,,,,,,,,,,,
30123ae7-fb7c-4c4c-9b10-8085900dae07:seq,aa077ed7-f648-4e22-b8c8-bb75883a8229,30123ae7-fb7c-4c4c-9b10-8085900dae07,,2022-07-10T00:00:00+01:00,unclassified,False,,,,,,,,,,,,,,,,,
f2889594-274f-45b8-87a8-0e69c79fc32a:seq,aa077ed7-f648-4e22-b8c8-bb75883a8229,f2889594-274f-45b8-87a8-0e69c79fc32a,,2022-07-10T03:33:18+01:00,unclassified,False,,,,,,,,,,,,,,,,,
03c3a092-be47-4f17-bc8a-7ccb726ff628:seq,aa077ed7-f648-4e22-b8c8-bb75883a8229,03c3a092-be47-4f17-bc8a-7ccb726ff628,,2022-07-10T04:17:28+01:00,unclassified,False,,,,,,,,,,,,,,,,,
5b293176-8607-409d-ac72-ccec88abeeb9:seq,aa077ed7-f648-4e22-b8c8-bb75883a8229,5b293176-8607-409d-ac72-ccec88abeeb9,,2022-07-10T04:55:30+01:00,unclassified,False,,,,,,,,,,,,,,,,,
9299f453-833b-41c7-9ded-2c3f3fa9f4ab:seq,aa077ed7-f648-4e22-b8c8-bb75883a8229,9299f453-833b-41c7-9ded-2c3f3fa9f4ab,,2022-07-10T12:00:00+01:00,unclassified,False,,,,,,,,,,,,,,,,,
ce8a6753-2b8c-461d-83af-6962e785ee24:seq,aa077ed7-f648-4e22-b8c8-bb75883a8229,ce8a6753-2b8c-461d-83af-6962e785ee24,,2022-07-10T22:25:46+01:00,unclassified,False,,,,,,,,,,,,,,,,,
23052728-0374-43dd-bd30-10b240c77679:seq,aa077ed7-f648-4e22-b8c8-bb75883a8229,23052728-0374-43dd-bd30-10b240c77679,,2022-07-10T23:54:31+01:00,unclassified,False,,,,,,,,,,,,,,,,,
b7d1d009-79d8-4b91-a45d-3d20cacfec6b:seq,aa077ed7-f648-4e22-b8c8-bb75883a8229,b7d1d009-79d8-4b91-a45d-3d20cacfec6b,,2022-07-11T00:00:00+01:00,unclassified,False,,,,,,,,,,,,,,,,,
329f517e-2f4c-44ff-bb5a-3e8cb36ec894:seq,aa077ed7-f648-4e22-b8c8-bb75883a8229,329f517e-2f4c-44ff-bb5a-3e8cb36ec894,,2022-07-11T12:00:00+01:00,unclassified,False,,,,,,,,,,,,,,,,,
74ef735c-d5bc-45b1-89d9-986d7a2d37bb:seq,aa077ed7-f648-4e22-b8c8-bb75883a8229,74ef735c-d5bc-45b1-89d9-986d7a2d37bb,,2022-07-11T21:38:45+01:00,unclassified,False,,,,,,,,,,,,,,,,,
a469bea3-2d5f-4090-9d65-66b7c3d2aadc:seq,aa077ed7-f648-4e22-b8c8-bb75883a8229,a469bea3-2d5f-4090-9d65-66b7c3d2aadc,,2022-07-12T00:00:00+01:00,unclassified,False,,,,,,,,,,,,,,,,,
bba97874-393d-4ad8-b58a-862d09c3b2a6:seq,aa077ed7-f648-4e22-b8c8-bb75883a8229,bba97874-393d-4ad8-b58a-862d09c3b2a6,,2022-07-12T09:25:22+01:00,unclassified,False,,,,,,,,,,,,,,,,,
670df10e-35c5-45a2-bc51-b7334f76ee82:seq,aa077ed7-f648-4e22-b8c8-bb75883a8229,670df10e-35c5-45a2-bc51-b7334f76ee82,,2022-07-12T11:28:48+01:00,unclassified,False,,,,,,,,,,,,,,,,,
7ec72214-5199-4887-a770-3030acf7cd39:seq,aa077ed7-f648-4e22-b8c8-bb75883a8229,7ec72214-5199-4887-a770-3030acf7cd39,,2022-07-12T12:00:00+01:00,unclassified,False,,,,,,,,,,,,,,,,,
8f3857ac-26b5-40d0-b82a-38c6c11ca83b:seq,aa077ed7-f648-4e22-b8c8-bb75883a8229,8f3857ac-26b5-40d0-b82a-38c6c11ca83b,,2022-07-12T12:34:08+01:00,unclassified,False,,,,,,,,,,,,,,,,,
9f390365-0a49-4a66-b5c2-5e20812086af:seq,aa077ed7-f648-4e22-b8c8-bb75883a8229,9f390365-0a49-4a66-b5c2-5e20812086af,,2022-07-13T00:00:00+01:00,unclassified,False,,,,,,,,,,,,,,,,,
332d80d4-9825-4933-88ac-e34fc0d378d8:seq,aa077ed7-f648-4e22-b8c8-bb75883a8229,332d80d4-9825-4933-88ac-e34fc0d378d8,,2022-07-13T04:55:55+01:00,unclassified,False,,,,,,,,,,,,,,,,,
32c9cd0e-db08-4b0f-bacc-d53fa3f69563:seq,aa077ed7-f648-4e22-b8c8-bb75883a8229,32c9cd0e-db08-4b0f-bacc-d53fa3f69563,,2022-07-13T12:00:00+01:00,unclassified,False,,,,,,,,,,,,,,,,,
3b27cb5f-8043-4670-ae19-7e5c57f16a10:seq,aa077ed7-f648-4e22-b8c8-bb75883a8229,3b27cb5f-8043-4670-ae19-7e5c57f16a10,,2022-07-14T00:00:00+01:00,unclassified,False,,,,,,,,,,,,,,,,,
546ae5d4-68bf-4288-89bf-2e91eaf22282:seq,aa077ed7-f648-4e22-b8c8-bb75883a8229,546ae5d4-68bf-4288-89bf-2e91eaf22282,,2022-07-14T12:00:00+01:00,unclassified,False,,,,,,,,,,,,,,,,,
eaecb73e-20b7-4265-a4af-ecaca9b9a329:seq,aa077ed7-f648-4e22-b8c8-bb75883a8229,eaecb73e-20b7-4265-a4af-ecaca9b9a329,,2022-07-15T00:00:00+01:00,unclassified,False,,,,,,,,,,,,,,,,,
819e67f7-e1fe-47a6-97c1-876f61962ed8:seq,aa077ed7-f648-4e22-b8c8-bb75883a8229,819e67f7-e1fe-47a6-97c1-876f61962ed8,,2022-07-15T02:50:31+01:00,unclassified,False,,,,,,,,,,,,,,,,,
5abd5f1b-2eee-45bb-873f-1063445f12cc:seq,aa077ed7-f648-4e22-b8c8-bb75883a8229,5abd5f1b-2eee-45bb-873f-1063445f12cc,,2022-07-15T12:00:00+01:00,unclassified,False,,,,,,,,,,,,,,,,,
d4da786f-09e1-4c8d-9461-3be5e219ae4a:seq,aa077ed7-f648-4e22-b8c8-bb75883a8229,d4da786f-09e1-4c8d-9461-3be5e219ae4a,,2022-07-16T00:00:00+01:00,unclassified,False,,,,,,,,,,,,,,,,,
3e36cca7-f61d-46ce-80a8-800c978ff9cf:seq,aa077ed7-f648-4e22-b8c8-bb75883a8229,3e36cca7-f61d-46ce-80a8-800c978ff9cf,,2022-07-16T12:00:00+01:00,unclassified,False,,,,,,,,,,,,,,,,,
9e7bdeec-c44f-4464-8c13-105a1a9e69ee:seq,aa077ed7-f648-4e22-b8c8-bb75883a8229,9e7bdeec-c44f-4464-8c13-105a1a9e69ee,,2022-07-17T00:00:00+01:00,unclassified,False,,,,,,,,,,,,,,,,,
ef889d61-45a4-446d-a3b4-04c69d8a82b6:seq,aa077ed7-f648-4e22-b8c8-bb75883a8229,ef889d61-45a4-446d-a3b4-04c69d8a82b6,,2022-07-17T12:00:00+01:00,unclassified,False,,,,,,,,,,,,,,,,,
38c86d53-0188-4efd-beba-3e2ee171b0c2:seq,aa077ed7-f648-4e22-b8c8-bb75883a8229,38c86d53-0188-4efd-beba-3e2ee171b0c2,,2022-07-18T00:00:00+01:00,unclassified,False,,,,,,,,,,,,,,,,,
daf5486e-83b4-448f-a29e-24ca91357037:seq,aa077ed7-f648-4e22-b8c8-bb75883a8229,daf5486e-83b4-448f-a29e-24ca91357037,,2022-07-18T12:00:00+01:00,unclassified,False,,,,,,,,,,,,,,,,,
d1065ba5-a18e-45c2-90f6-b510e3315efd:seq,aa077ed7-f648-4e22-b8c8-bb75883a8229,d1065ba5-a18e-45c2-90f6-b510e3315efd,,2022-07-18T18:37:14+01:00,unclassified,False,,,,,,,,,,,,,,,,,
77f6cfa5-49d2-49e9-93e9-a1d9bb2db01b:seq,aa077ed7-f648-4e22-b8c8-bb75883a8229,77f6cfa5-49d2-49e9-93e9-a1d9bb2db01b,,2022-07-19T00:00:00+01:00,unclassified,False,,,,,,,,,,,,,,,,,
39de2a52-14e0-4ad3-b449-3b325e97fc39:seq,aa077ed7-f648-4e22-b8c8-bb75883a8229,39de2a52-14e0-4ad3-b449-3b325e97fc39,,2022-07-19T01:41:37+01:00,unclassified,False,,,,,,,,,,,,,,,,,
c9b61178-3dbb-4d91-8f6f-e342d34a9b83:seq,aa077ed7-f648-4e22-b8c8-bb75883a8229,c9b61178-3dbb-4d91-8f6f-e342d34a9b83,,2022-07-19T04:01:14+01:00,unclassified,False,,,,,,,,,,,,,,,,,
e15a8b07-5fd9-439a-bd26-1a8bc94956ef:seq,aa077ed7-f648-4e22-b8c8-bb75883a8229,e15a8b07-5fd9-439a-bd26-1a8bc94956ef,,2022-07-19T11:51:15+01:00,unclassified,False,,,,,,,,,,,,,,,,,
216fe646-034f-4462-9178-3ec1130af7d1:seq,aa077ed7-f648-4e22-b8c8-bb75883a8229,216fe646-034f-4462-9178-3ec1130af7d1,,2022-07-19T12:00:00+01:00,unclassified,False,,,,,,,,,,,,,,,,,
4823c262-f161-462d-86eb-ad729bc6f0ec:seq,aa077ed7-f648-4e22-b8c8-bb75883a8229,4823c262-f161-462d-86eb-ad729bc6f0ec,,2022-07-19T18:35:09+01:00,unclassified,False,,,,,,,,,,,,,,,,,
811370ed-f68c-47de-811a-a19e6bc4494b:seq,aa077ed7-f648-4e22-b8c8-bb75883a8229,811370ed-f68c-47de-811a-a19e6bc4494b,,2022-07-19T20:27:29+01:00,unclassified,False,,,,,,,,,,,,,,,,,
a0d5c54b-a456-4403-b2bf-bc2dfaf3e7fe:seq,aa077ed7-f648-4e22-b8c8-bb75883a8229,a0d5c54b-a456-4403-b2bf-bc2dfaf3e7fe,,2022-07-19T20:49:17+01:00,unclassified,False,,,,,,,,,,,,,,,,,
aeae1c23-9d05-4726-8a21-b73eb32a8d84:seq,aa077ed7-f648-4e22-b8c8-bb75883a8229,aeae1c23-9d05-4726-8a21-b73eb32a8d84,,2022-07-20T00:00:00+01:00,unclassified,False,,,,,,,,,,,,,,,,,
a5ed96b4-b67f-4bbd-b0fb-88fbfef82c20:seq,aa077ed7-f648-4e22-b8c8-bb75883a8229,a5ed96b4-b67f-4bbd-b0fb-88fbfef82c20,,2022-07-20T03:55:56+01:00,unclassified,False,,,,,,,,,,,,,,,,,
ce73ebe8-fade-4cc9-9c9c-70e56f92923a:seq,aa077ed7-f648-4e22-b8c8-bb75883a8229,ce73ebe8-fade-4cc9-9c9c-70e56f92923a,,2022-07-20T12:00:00+01:00,unclassified,False,,,,,,,,,,,,,,,,,
b6ec31da-d14a-4cc4-a9c6-cf4ab6e7dd6a:seq,aa077ed7-f648-4e22-b8c8-bb75883a8229,b6ec31da-d14a-4cc4-a9c6-cf4ab6e7dd6a,,2022-07-20T20:10:02+01:00,unclassified,False,,,,,,,,,,,,,,,,,
3d47728a-8fbb-4332-b3fd-6fa3814dec68:seq,aa077ed7-f648-4e22-b8c8-bb75883a8229,3d47728a-8fbb-4332-b3fd-6fa3814dec68,,2022-07-20T21:21:23+01:00,unclassified,False,,,,,,,,,,,,,,,,,
2284ec1b-7764-4d58-b31e-b44e803ede7c:seq,aa077ed7-f648-4e22-b8c8-bb75883a8229,2284ec1b-7764-4d58-b31e-b44e803ede7c,,2022-07-21T00:00:00+01:00,unclassified,False,,,,,,,,,,,,,,,,,
08de3792-1b6a-4d95-9746-b13e1701378b:seq,aa077ed7-f648-4e22-b8c8-bb75883a8229,08de3792-1b6a-4d95-9746-b13e1701378b,,2022-07-21T12:00:00+01:00,unclassified,False,,,,,,,,,,,,,,,,,
e3807d9e-89b8-4e87-b8ab-618d04df4a9c:seq,aa077ed7-f648-4e22-b8c8-bb75883a8229,e3807d9e-89b8-4e87-b8ab-618d04df4a9c,,2022-07-22T00:00:00+01:00,unclassified,False,,,,,,,,,,,,,,,,,
7e1f6d21-e75e-4216-a6fb-b52e43363972:seq,aa077ed7-f648-4e22-b8c8-bb75883a8229,7e1f6d21-e75e-4216-a6fb-b52e43363972,,2022-07-22T03:54:39+01:00,unclassified,False,,,,,,,,,,,,,,,,,
d4ae848f-bae8-429b-88b7-da46f6f9af5f:seq,aa077ed7-f648-4e22-b8c8-bb75883a8229,d4ae848f-bae8-429b-88b7-da46f6f9af5f,,2022-07-22T12:00:00+01:00,unclassified,False,,,,,,,,,,,,,,,,,
3c260ca8-0dce-480f-a72f-584486116223:seq,aa077ed7-f648-4e22-b8c8-bb75883a8229,3c260ca8-0dce-480f-a72f-584486116223,,2022-07-23T00:00:00+01:00,unclassified,False,,,,,,,,,,,,,,,,,
c57b2076-fec8-47b1-8844-600eb4d26e55:seq,aa077ed7-f648-4e22-b8c8-bb75883a8229,c57b2076-fec8-47b1-8844-600eb4d26e55,,2022-07-23T04:52:48+01:00,unclassified,False,,,,,,,,,,,,,,,,,
67e424c5-a038-4e01-a1b5-7bab2a6ebfa7:seq,aa077ed7-f648-4e22-b8c8-bb75883a8229,67e424c5-a038-4e01-a1b5-7bab2a6ebfa7,,2022-07-23T12:00:00+01:00,unclassified,False,,,,,,,,,,,,,,,,,
bc926479-8eaf-4432-9a13-e3e0c7352748:seq,aa077ed7-f648-4e22-b8c8-bb75883a8229,bc926479-8eaf-4432-9a13-e3e0c7352748,,2022-07-24T00:00:00+01:00,unclassified,False,,,,,,,,,,,,,,,,,
7bb66f3d-c047-447c-a056-fcc92507f566:seq,aa077ed7-f648-4e22-b8c8-bb75883a8229,7bb66f3d-c047-447c-a056-fcc92507f566,,2022-07-24T12:00:00+01:00,unclassified,False,,,,,,,,,,,,,,,,,
01363abb-69d0-41aa-80bc-d470d6068c33:seq,aa077ed7-f648-4e22-b8c8-bb75883a8229,01363abb-69d0-41aa-80bc-d470d6068c33,,2022-07-25T00:00:00+01:00,unclassified,False,,,,,,,,,,,,,,,,,
2540a0a7-1b38-4829-872a-91777c54c00f:seq,aa077ed7-f648-4e22-b8c8-bb75883a8229,2540a0a7-1b38-4829-872a-91777c54c00f,,2022-07-25T04:13:02+01:00,unclassified,False,,,,,,,,,,,,,,,,,
1d00f0bf-a774-48ca-904e-7ceec72fbbe6:seq,aa077ed7-f648-4e22-b8c8-bb75883a8229,1d00f0bf-a774-48ca-904e-7ceec72fbbe6,,2022-07-25T12:00:00+01:00,unclassified,False,,,,,,,,,,,,,,,,,
c9164ac2-47ba-4742-8e3b-ead335412d08:seq,aa077ed7-f648-4e22-b8c8-bb75883a8229,c9164ac2-47ba-4742-8e3b-ead335412d08,,2022-07-26T00:00:00+01:00,unclassified,False,,,,,,,,,,,,,,,,,
c172b30c-6002-4d85-99c1-d61fab3dd05f:seq,aa077ed7-f648-4e22-b8c8-bb75883a8229,c172b30c-6002-4d85-99c1-d61fab3dd05f,,2022-07-26T07:37:59+01:00,unclassified,False,,,,,,,,,,,,,,,,,
3b838f24-89d8-48ad-9752-91be16e9d575:seq,aa077ed7-f648-4e22-b8c8-bb75883a8229,3b838f24-89d8-48ad-9752-91be16e9d575,,2022-07-26T12:00:00+01:00,unclassified,False,,,,,,,,,,,,,,,,,
d115977a-9c1f-4142-90f5-8dddb5429e60:seq,aa077ed7-f648-4e22-b8c8-bb75883a8229,d115977a-9c1f-4142-90f5-8dddb5429e60,,2022-07-27T00:00:00+01:00,unclassified,False,,,,,,,,,,,,,,,,,
bbe83b07-5a6e-4dec-816b-c50189eedd3d:seq,aa077ed7-f648-4e22-b8c8-bb75883a8229,bbe83b07-5a6e-4dec-816b-c50189eedd3d,,2022-07-27T12:00:00+01:00,unclassified,False,,,,,,,,,,,,,,,,,
38313556-d423-4812-9d56-086debb377ea:seq,aa077ed7-f648-4e22-b8c8-bb75883a8229,38313556-d423-4812-9d56-086debb377ea,,2022-07-28T00:00:00+01:00,unclassified,False,,,,,,,,,,,,,,,,,
d618c66f-26ed-43c0-b325-49f983610fcc:seq,aa077ed7-f648-4e22-b8c8-bb75883a8229,d618c66f-26ed-43c0-b325-49f983610fcc,,2022-07-28T12:00:00+01:00,unclassified,False,,,,,,,,,,,,,,,,,
c46041d7-033c-4af2-8831-acf566ed5a97:seq,aa077ed7-f648-4e22-b8c8-bb75883a8229,c46041d7-033c-4af2-8831-acf566ed5a97,,2022-07-29T00:00:00+01:00,unclassified,False,,,,,,,,,,,,,,,,,
d8513c7e-4681-42ce-b508-ab547d976f22:seq,aa077ed7-f648-4e22-b8c8-bb75883a8229,d8513c7e-4681-42ce-b508-ab547d976f22,,2022-07-29T12:00:00+01:00,unclassified,False,,,,,,,,,,,,,,,,,
5893a356-54a8-4d3c-9651-989963df9155:seq,aa077ed7-f648-4e22-b8c8-bb75883a8229,5893a356-54a8-4d3c-9651-989963df9155,,2022-07-30T00:00:00+01:00,unclassified,False,,,,,,,,,,,,,,,,,
ad36fc94-6a76-4c30-8cc1-3082a6502757:seq,aa077ed7-f648-4e22-b8c8-bb75883a8229,ad36fc94-6a76-4c30-8cc1-3082a6502757,,2022-07-30T12:00:00+01:00,unclassified,False,,,,,,,,,,,,,,,,,
bd8cbf47-c6f3-44ba-8239-c88139e0bd63:seq,aa077ed7-f648-4e22-b8c8-bb75883a8229,bd8cbf47-c6f3-44ba-8239-c88139e0bd63,,2022-07-31T00:00:00+01:00,unclassified,False,,,,,,,,,,,,,,,,,
8ab03ede-ec3e-415a-a28d-d2f4766e7cd5:seq,aa077ed7-f648-4e22-b8c8-bb75883a8229,8ab03ede-ec3e-415a-a28d-d2f4766e7cd5,,2022-07-31T12:00:00+01:00,unclassified,False,,,,,,,,,,,,,,,,,
76d04aef-593b-46aa-b096-6e94461df35d:seq,aa077ed7-f648-4e22-b8c8-bb75883a8229,76d04aef-593b-46aa-b096-6e94461df35d,,2022-08-01T00:00:00+01:00,unclassified,False,,,,,,,,,,,,,,,,,
696c911f-870c-4194-838c-9e82ea88487b:seq,aa077ed7-f648-4e22-b8c8-bb75883a8229,696c911f-870c-4194-838c-9e82ea88487b,,2022-08-01T12:00:00+01:00,unclassified,False,,,,,,,,,,,,,,,,,
76f78d4e-ac4a-4a35-9825-2c2c581a5af2:seq,aa077ed7-f648-4e22-b8c8-bb75883a8229,76f78d4e-ac4a-4a35-9825-2c2c581a5af2,,2022-08-02T00:00:00+01:00,unclassified,False,,,,,,,,,,,,,,,,,
8cbb1e8f-96c4-41be-9a0c-6491decaa7c6:seq,aa077ed7-f648-4e22-b8c8-bb75883a8229,8cbb1e8f-96c4-41be-9a0c-6491decaa7c6,,2022-08-02T06:00:32+01:00,unclassified,False,,,,,,,,,,,,,,,,,
739f5bff-4423-46a8-a5e2-520500955022:seq,aa077ed7-f648-4e22-b8c8-bb75883a8229,739f5bff-4423-46a8-a5e2-520500955022,,2022-08-02T12:00:00+01:00,unclassified,False,,,,,,,,,,,,,,,,,
04f3b4e1-4163-4218-af2c-e84509ba2f64:seq,aa077ed7-f648-4e22-b8c8-bb75883a8229,04f3b4e1-4163-4218-af2c-e84509ba2f64,,2022-08-03T00:00:00+01:00,unclassified,False,,,,,,,,,,,,,,,,,
90e80b10-0256-4fe4-9a6e-b493e2438ae8:seq,aa077ed7-f648-4e22-b8c8-bb75883a8229,90e80b10-0256-4fe4-9a6e-b493e2438ae8,,2022-08-03T06:31:20+01:00,unclassified,False,,,,,,,,,,,,,,,,,
e312a396-ee0a-417d-a2fa-f50fdde8c5f9,b1b9c256-a81d-4825-9cea-23f206d02903,91660d5f-5d65-4eaa-b75d-ec40c2528da7,,2022-11-04T13:46:58+01:00,unclassified,False,,,1,,,,,,human,Lynn Pallemaerts,2022-11-09T14:21:19Z,,,,,,
3b1c9229-51ec-4cf8-a190-d1fe55a377ad,b2d9f9bc-4cf4-4800-ab26-b78ffb211af4,beef7f52-59d4-4726-8781-70707347033b,,2017-10-12T11:37:35+01:00,unclassified,False,,,1,,,,,,human,Marcus Rowcliffe,2022-11-14T17:03:38Z,,,,,,
3b7e6b45-f8a0-4b54-9795-32aafb651871,b2d9f9bc-4cf4-4800-ab26-b78ffb211af4,584055d8-081d-43c3-8e83-830a8dbd379c,,2017-10-12T21:56:49+01:00,animal,False,5BSG3,Vulpes vulpes,1,,,,,,human,Marcus Rowcliffe,2022-10-19T08:29:55Z,,Not enough positions,,,,
cf419883-0372-4d86-8734-73dccbe8884a,b2d9f9bc-4cf4-4800-ab26-b78ffb211af4,3b08d5cd-a17b-40e5-99a7-86758c6a9930,,2017-10-13T02:08:43+01:00,animal,False,5BSG3,Vulpes vulpes,1,,,,,,human,Marcus Rowcliffe,2022-10-19T08:30:04Z,,,,1.7508994303,1.7508994303,-0.1502330683
da5c86d6-33ee-40f2-9dd8-013cfc1a4efc,b2d9f9bc-4cf4-4800-ab26-b78ffb211af4,f02e330c-8cfa-4cb2-8a8b-f14245d10538,,2017-10-15T04:08:10+01:00,animal,False,5BSG3,Vulpes vulpes,1,,,,,,human,Marcus Rowcliffe,2022-10-19T08:30:11Z,,Not enough positions,,,,
e051daa8-11bc-4aa0-8dfa-b740b0ec49a1,b2d9f9bc-4cf4-4800-ab26-b78ffb211af4,46683627-9938-41dc-a79e-8e7a7cdc3c80,,2017-10-16T20:48:29+01:00,animal,False,5BSG3,Vulpes vulpes,1,,,,,,human,Marcus Rowcliffe,2022-10-19T08:30:19Z,,Not enough positions,,,,
45d015a2-67f8-40df-9da3-5e51b68bc6ef,b2d9f9bc-4cf4-4800-ab26-b78ffb211af4,bcd8ad8f-0528-4d25-a33c-6a7819cd3587,,2017-10-17T20:18:00+01:00,animal,False,5BSG3,Vulpes vulpes,1,,,,,,human,Marcus Rowcliffe,2022-10-19T08:30:31Z,,,,1.3252506159,2.6505012317,0.0557904356
435fbbfa-5311-48af-92a6-21cc69be4852,b2d9f9bc-4cf4-4800-ab26-b78ffb211af4,ff2b1da1-bebd-4d61-a969-17f76f651969,,2017-10-17T20:50:01+01:00,animal,False,3B2C2,Erinaceus europaeus,1,,,,,,human,Marcus Rowcliffe,2022-10-19T08:30:58Z,,,,1.1474378316,2.2948756632,-0.25050999490000003
539e9711-232d-40fc-9d5c-56b1999244f7,b2d9f9bc-4cf4-4800-ab26-b78ffb211af4,8ecc9902-fb44-4b57-9c87-a9b22789e61d,,2017-10-22T04:14:28+01:00,animal,False,5BSG3,Vulpes vulpes,1,,,,,,human,Marcus Rowcliffe,2022-10-19T08:31:07Z,,Not enough positions,,,,
53af0a92-b449-4358-a2dc-5c90a80d5085,b2d9f9bc-4cf4-4800-ab26-b78ffb211af4,8ecc9902-fb44-4b57-9c87-a9b22789e61d,,2017-10-22T04:14:28+01:00,animal,False,5BSG3,Vulpes vulpes,1,,,,,,human,Marcus Rowcliffe,2022-10-19T08:31:16Z,,Not enough positions,,,,
58111d21-82aa-4d74-92e5-bc53ea8f1213,b2d9f9bc-4cf4-4800-ab26-b78ffb211af4,ef829d4a-6e89-4f24-883e-e11f1a5e9106,,2017-10-22T23:29:05+01:00,animal,False,5BSG3,Vulpes vulpes,1,,,,,,human,Marcus Rowcliffe,2022-10-19T08:31:23Z,,Not enough positions,,,,
b36fc064-562a-4859-bc1f-dee84dd684b6,b2d9f9bc-4cf4-4800-ab26-b78ffb211af4,6d660b75-8987-476c-9252-733d5e50ba66,,2017-10-23T05:38:02+01:00,animal,False,5BSG3,Vulpes vulpes,1,,,,,,human,Marcus Rowcliffe,2022-10-19T08:31:41Z,,Not enough positions,,,,
777e5148-650d-45d1-a55a-9010e02b1318,b2d9f9bc-4cf4-4800-ab26-b78ffb211af4,6d660b75-8987-476c-9252-733d5e50ba66,,2017-10-23T05:38:02+01:00,animal,False,5BSG3,Vulpes vulpes,1,,,,,,human,Marcus Rowcliffe,2022-10-21T11:22:06Z,,,,,,
d1e47dfc-1900-40e2-8551-d18cbf93f4c7,b2d9f9bc-4cf4-4800-ab26-b78ffb211af4,edeacfd7-8348-4650-bb50-7dd8bb55c306,,2017-10-25T01:50:57+01:00,animal,False,5BSG3,Vulpes vulpes,1,,,,,,human,Marcus Rowcliffe,2022-10-19T08:31:50Z,,Not enough positions,,,,
53ff7c6d-ecfa-4fbc-ab9e-ca3529e1cd27,d02bdac6-6b43-462c-a19b-a6998d7b9d8d,8e782e25-9164-4758-a88b-bf2c3739040e,,2017-10-12T12:09:35+01:00,unclassified,False,,,1,,,,,,human,Marcus Rowcliffe,2022-10-19T08:14:57Z,,,,,,
ece69b2a-99bc-4d80-9af7-cf98cc3220fa,d02bdac6-6b43-462c-a19b-a6998d7b9d8d,14358cb7-630c-42cf-9880-45496ce21139,,2017-10-19T06:23:11+01:00,animal,False,3B2C2,Erinaceus europaeus,1,,,,,,human,Marcus Rowcliffe,2022-10-19T08:32:11Z,,,,0.4109262416,0.4109262416,-0.0368289803
08b15588-a8f4-4223-a050-52e506783888,eafa473d-c736-4fcd-a577-1a6c0c1fb71c,1a29c7b6-7926-4b06-880c-cfb0499efa04,,2017-10-02T19:06:43+01:00,animal,False,5BSG3,Vulpes vulpes,1,,,,,,human,Marcus Rowcliffe,2022-10-19T08:26:49Z,,,,1.1535269821,3.4605809462,0.5414954039000001
e39abc57-334c-474c-997b-7a56cbfe938f,eafa473d-c736-4fcd-a577-1a6c0c1fb71c,1a29c7b6-7926-4b06-880c-cfb0499efa04,,2017-10-02T19:06:43+01:00,animal,False,5BSG3,Vulpes vulpes,1,,,,,,human,Marcus Rowcliffe,2022-10-19T08:26:33Z,,,,0.129022731,1.0321818481,0.006928224
244a1be0-3130-478b-9f19-4167b21b71f8,eafa473d-c736-4fcd-a577-1a6c0c1fb71c,6099ca35-679d-401b-ad84-19a31414cf85,,2017-10-03T06:17:04+01:00,unclassified,False,,,1,,,,,,human,Marcus Rowcliffe,2022-10-18T12:39:42Z,,,,,,
b0f732d4-670d-4366-a2ce-09cac88501b1,eafa473d-c736-4fcd-a577-1a6c0c1fb71c,6c2ff472-681b-40f7-9636-e88affab722f,,2017-10-12T20:11:44+01:00,animal,False,5BSG3,Vulpes vulpes,1,,,,,,human,Yorick Liefting,2022-10-21T10:49:49Z,,,,,,
d2edcf92-cdcb-41ac-81ea-2c72d26d7e2e,f4895aad-f13e-489c-9902-ab056d484bc5,719de293-ade4-40d0-86ba-b49bba987e42,,2022-11-04T13:58:22+01:00,unclassified,False,,,1,,,,,,human,Lynn Pallemaerts,2022-11-09T14:25:56Z,,,,,,
fafb9eba-a8b4-443c-8910-4acce75b3f5f,f99f5672-4bec-497c-a24a-c5ad97269b89,138cb7ed-709f-48a4-bee7-e6c8bfc8bae5,,2017-10-24T06:10:55+01:00,unclassified,False,,,1,,,,,,human,Marcus Rowcliffe,2022-10-18T15:40:00Z,,,,,,
74c7862a-aa79-4c1f-b10d-dfb2d653c910,f99f5672-4bec-497c-a24a-c5ad97269b89,2079e021-50c5-4e04-9a61-4a6aa7d6cc59,,2017-10-26T20:11:30+01:00,animal,False,5BSG3,Vulpes vulpes,1,,,,,,human,Marcus Rowcliffe,2022-10-19T08:29:06Z,,,,0.4929001585,0.985800317,-0.3325547531
b131ebb8-9ad8-4554-a513-5e8f693fbf69,f99f5672-4bec-497c-a24a-c5ad97269b89,aeeb9dac-6fc2-44ea-9b59-1bcb0ce1de7e,,2017-10-28T19:17:38+01:00,animal,False,5BSG3,Vulpes vulpes,1,,,,,,human,Marcus Rowcliffe,2022-10-19T08:29:20Z,,,,,2.8676935279,0.0886083388
